Sentence|Translation
Vous êtes embrassés?|Are you kissed?
Oui.|Yes.
Mais non!|No, I don't!
Vous êtes embrassés?|Are you kissed?
Oui.|Yes.
Donc tu voulais d'une meuf comme ça?|So you wanted a chick like that?
Mais il y a quoi en fait?|But what's the matter?
C'est quoi le problème?|What's the matter?
Ça va vite.|It's fast.
Ça va très vite.|It's going very fast.
En fait, c'est la troisième fois que je la vois.|Actually, this is the third time I've seen her.
On s'est très mal introduit les deux premières fois.|We broke in very badly the first two times.
Tu l'as vu trois fois une heure.|You've seen him three times an hour.
Et alors, au bout d'un moment, si t'as le feeling, t'as le feeling.|And then, after a while, if you have the feeling, you have the feeling.
Elle a choqué en fait.|She actually shocked me.
Il y a quoi ?|What's the matter?
Non mais je suis choquée dans le sens où en fait, hier, tu me disais qu'en gros limite, je te le dis à ma manière, je suis du sud, je suis très, tu vois, comme Tata Kotal.|No, but I'm shocked that, in fact, yesterday, you were telling me that, basically, I'm telling you in my own way, I'm from the south, I'm very, you know, like Tata Kotal.
Qu'elle bouffe à tous les râteliers et que ça te plaisait pas.|That you don't like it.
Et là, tu l'embrasses.|And then you kiss him.
Pas du tout.|Not at all.
Déjà, j'ai pas dit ça.|Already, I didn't say that.
Tu te déformes.|You're distorting yourself.
C'est ce que je viens de te dire.|That's what I just told you.
Moi, je parle à ma manière.|I speak in my own way.
Ok, bah parle à ta manière en fait.|Okay, well, talk your way actually.
A ce moment-là, je lui dis, ne remixe pas les propos des gens.|At that point, I tell him, don't remix people's words.
Il a pas dit ça.|He didn't say that.
Si on peut être tous les deux, on est tous les deux et qu'elle a rien à dire, en fait.|If we can both be, we're both, and she has nothing to say, actually.
Elle le connaît depuis hier.|She's known him since yesterday.
À quelle heure tu te permets de dire à quelqu'un ce qu'il doit faire alors que tu le connais depuis moins de 24 heures, en fait ?|What time do you allow yourself to tell someone what to do when you've known him for less than 24 hours, in fact?
C'est un truc de fou.|It's a crazy thing.
J'ai dit que oui, ça m'avait fait chier, en fait.|I said yes, it pissed me off, actually.
Mais au bout d'un moment, j'ai parlé...|But after a while, I talked...
Mais oui, arrête de parler, parce que là, en fait, tu te mêles de ça, tu te regardes pas.|But, yeah, stop talking, 'cause now, actually, you're getting involved, you're not looking at yourself.
En fait, je suis jalouse, en fait.|Actually, I'm jealous, actually.
Je vois Manon qui est très jalouse, limite elle s'énerve.|I see Manon who's very jealous, limit her anger.
Bah moi franchement ça me fait quelque chose.|Well, frankly, that's something to me.
Si tu t'énerves comme ça, c'est que t'as quelque chose envers moi.|If you get mad like that, it's because you have something to do with me.
C'est que finalement t'avais bien aimé qu'on se rapproche.|It's just that finally you liked us getting closer.
Voilà moi c'est ce que je comprends.|Here's what I understand.
Je sais pas trop comment réagir devant tous les habitants en plus.|I don't know how to react to all the other people.
Franchement c'est une situation très complexe.|Frankly, this is a very complex situation.
On se mêle de tout, c'est comme ça, c'est la vie en communauté.|It's like this, it's community life.
Tu es dans une aventure, on se mêle de tout.|You're in an affair, we're getting mixed up in everything.
T'as rien d'autre à dire, t'es là, tu me regardes.|You have nothing else to say, you're here, you're looking at me.
Ça fait quoi ?|How's it feel?
Ça fait quoi ?|How's it feel?
Je m'emballe.|I'm getting excited.
Ça fait quoi que je suis là ?|How do I feel here?
Tu vas avoir des prétendants, t'inquiète, tu vas vivre aussi.|You're gonna have suitors, don't worry, you're gonna live too.
Mais t'inquiète, j'ai pas besoin des mecs pour qu'on se pose.|But don't worry, I don't need the guys to sit down.
Je vis sans ça, je vis sans ça.|I live without it, I live without it.
C'est sûr et certain, on sera jamais copines.|I'm sure we'll never be friends.
Vraiment.|Really.
Je repars avec Lalou et cette meuf, je vais faire comme si elle n'était pas là.|I'm going back with Lalou and this girl, I'm going to pretend she's not here.
Pour moi, cette fille, elle n'existe plus dans la vie.|For me, this girl, she doesn't exist in life anymore.
On s'est embrassés parce qu'on en a envie en vrai, je pense que t'en avais envie aussi.|We kissed because we really want to, I think you wanted to, too.
J'ai l'impression que c'est un truc de fou, je te le dis, c'est la cour de création.|I feel like it's a crazy thing, I'm telling you, it's the creative court.
Ils se sont fait un bisou !|They kissed each other!
Waouh !|Wow!
On est où, là ?|Where are we?
Allô ?|Hello?
Quand c'est pour parler d'eux, ils évitent le sujet.|When it's to talk about them, they avoid the subject.
Mais quand c'est nous, ça les arrange, ça les fait rire.|But when it's us, it helps them, it makes them laugh.
En fait, c'est que dans un sens, en fait.|Actually, it's only in a way, actually.
J'aime pas ça, ça m'énerve.|I don't like it. I'm upset.
Ça m'énerve, ça m'énerve.|It pisses me off, it pisses me off.
Ça m'énerve.|It pisses me off.
Ils sont jaloux, qu'est-ce que tu veux ?|They're jealous, what do you want?
Manon, ce matin, elle a fait la meuf.|Manon, this morning, she made the girl.
Ouais, je m'en fous, là.|Yeah, I don't care about that.
Elle a fait David.|She did David.
C'est ça, je comprends pas.|That's right, I don't understand.
Pourquoi mes trucs qu'on fait, on va sur la plage ?|Why my stuff we do, we go to the beach?
La meuf, elle sort ses grosses gemelles.|The girl, she pulls out her big gems.
On dirait une pirate.|It's like a pirate.
Elle a envie de nous jeter.|She wants to throw us away.
Ça lui fait mal.|It hurts her.
Eh ouais, exactement.|Yeah, exactly.
Quand je vois la réaction démesurée de Manon, je me pose des questions.|When I see Manon's disproportionate reaction, I wonder.
C'est compliqué, mais moi, je me focalise surtout sur ma relation avec Larisse et on passe un bon petit moment sur le rooftop.|It's complicated, but I'm focusing on my relationship with Larisse and we're having a good time on the rooftop.
C'est pas bien, là.|That's not good.
Ah !|Ah!
Le coaching est arrivé.|Coaching's here.
J'ai une prétendante.|I have a suitor.
Julie, Antoine, l'heure de votre coaching est arrivée.|Julie, Antoine, it's time for your coaching.
Venez me rejoindre.|Come join me.
Coup de pression.|Pressure, pressure, pressure, pressure, pressure, pressure, pressure, pressure, pressure, pressure, pressure, pressure, pressure, pressure, pressure, pressure, pressure, pressure, pressure, pressure, pressure, pressure, pressure, pressure, pressure, pressure, pressure, pressure, pressure, pressure, pressure, pressure, pressure, pressure, pressure, pressure, pressure on, pressure, pressure, pressure, pressure, pressure, pressure, pressure, pressure, pressure, pressure, pressure, pressure, pressure, pressure, pressure, pressure, pressure, pressure, pressure, pressure, pressure, pressure, pressure, pressure, pressure, pressure, pressure, pressure, pressure, pressure, pressure, pressure, pressure, pressure, pressure, pressure, pressure, pressure, pressure, pressure, pressure, pressure, pressure, pressure, pressure, pressure, pressure, pressure, pressure, pressure, pressure, pressure, pressure, pressure, pressure, pressure, pressure, pressure, pressure, pressure, pressure on, pressure, pressure, pressure, pressure, pressure, pressure, pressure, pressure, pressure, pressure, pressure, pressure, pressure on on on on...........................................................................................................................................................................................................................................................................................
J'ai la gorge qui se noue, j'ai les mains moites, je commence à avoir chaud.|I've got my throat tied, my hands wet, I'm starting to get hot.
Je suis pas bien parce que je sais pas ce qu'elles nous réservent et j'ai peur de vivre une expérience qui va pas me plaire.|I'm not good because I don't know what they're up to, and I'm afraid I'm going to have an experience that I'm not going to like.
C'est soit on revient en couple, soit on revient séparés.|It's either we're back together or we're back together.
Tu restes attaché, tu veux pas te marcher.|You stay attached, you don't want to walk.
Apparemment, j'ai pas envie d'y aller.|Apparently, I don't want to go.
Ca me stresse trop.|It's too stressful for me.
On est stressés parce qu'on sait pas ce qui nous attend, mais sinon, sur notre couple, on est pas stressés parce qu'on sait, lui comme moi, ce qu'on veut, que ça soit ici, dans la villa ou même à l'extérieur.|We're stressed out because we don't know what's waiting for us, but otherwise, about our couple, we're not stressed out because we know, like me, what we want, whether it's here, in the villa or even outside.
Donc, je pense que le coaching de Lucie peut que nous souder, en fait.|So, I think Lucie's coaching can actually solder us.
Bon, je vous avais dit que ce sera un exercice de couple, aujourd'hui, mais ça concerne particulièrement l'un de vous deux.|Well, I told you it's gonna be a couple exercise today, but it's especially about one of you.
Antoine ?|Antoine?
Antoine.|Antoine.
Je suis trop contente.|I'm so happy.
Mais t'as un énorme rôle à jouer et qui sera pas forcément simple.|But you've got a huge role to play and it won't necessarily be easy.
D'abord, vous allez être séparées.|First, you're going to be separated.
D'accord.|All right.
Ouais.|Yeah.
Toi, tu vas aller là-bas.|You're gonna go there.
Tu vois, il y a un jeune homme là-bas.|See, there's a young man over there.
Il s'appelle Adrien.|His name is Adrien.
Tu as rendez-vous avec lui.|You have an appointment with him.
Je t'en prie, va t'asseoir.|Please, go sit down.
Tu la laisses partir.|You let her go.
Je comprends pas trop.|I don't understand.
Je vois un blond peroxydé au loin.|I see a blond peroxidized in the distance.
Je me dis, c'est quoi ce bordel ?|I'm thinking, what the hell?
Qu'est-ce qu'elle me réserve ?|What's she got for me?
Et en fait, je commence à être tendu parce que...|And actually, I'm starting to get tense because...
Je me dis qu'elle va avoir un date devant mes yeux.|I'm thinking she's gonna have a date in front of me.
Et ça, c'est hors de question.|And that's out of the question.
Julie, je te présente Adrien.|Julie, this is Adrien.
Adrien, je te présente Julie.|Adrien, this is Julie.
Adrien est là pour cet exercice.|Adrien is here for this exercise.
Tu as bien compris que c'était un date, mais que c'était un date.|You understood it was a date, but it was a date.
Vous êtes rencontrés sur une application de rencontre, tous les deux, d'accord ?|You're meeting on a dating app, both of you, okay?
Tu vas me le faire péter un plomb.|You're gonna blow my ass off.
Oui.|Yes.
D'accord.|All right.
Et c'est votre premier rendez-vous.|And this is your first date.
C'est la première fois que vous vous voyez.|This is the first time you've seen each other.
Et vous vous kiffez.|And you're kiffing.
Donc évidemment, il faut faire monter la pression.|So obviously, we have to raise the pressure.
Je rentre dans la séduction.|I'm getting into seduction.
Tu rentres dans la séduction.|You're getting into seduction.
On va pas se mentir, cet exercice, pour moi, va être très compliqué parce qu'il y a Antoine qui va regarder.|We're not gonna lie to each other, this exercise, for me, is going to be very complicated because Antoine is going to watch.
Ca me prend au trip.|It takes me at the trip.
J'ai pas envie de lui faire du mal.|I don't want to hurt him.
J'ai juste envie de repartir.|I just want to go back.
Bon rendez-vous.|Good date.
Merci.|Thank you.
Je t'appelle Adrien.|I'm calling you Adrien.
OK, d'accord.|Okay, okay.
T'as quel âge ?|How old are you?
28 bientôt.|28 soon.
J'ai 27 ans.|I'm 27.
Qu'est-ce que tu vois ?|What do you see?
J'ai envie de me rencontrer.|I want to meet.
J'ai envie d'être avec un garçon.|I want to be with a boy.
D'accord.|All right.
Ce que je vais te demander.|What I'm gonna ask you.
C'est qu'à chaque fois que ça te choque, à chaque fois que ça te dérange, à chaque fois que dans la réalité, c'est quelque chose que tu ne laisserais pas passer, tu écrives sur la feuille pourquoi.|It's that every time it shockes you, every time it bothers you, every time in reality, it's something you wouldn't let go, you write on the sheet why.
Le coaching de Lucie, pour moi, c'est pas du tout un coaching, c'est juste une torture.|Lucie's coaching, for me, it's not coaching at all, it's just torture.
Pourquoi elle me fait ça ?|Why is she doing this to me?
Elle est censée arranger les choses entre Julie et moi, et là, j'ai juste l'impression qu'elle a envie qu'on se sépare, à la limite.|She's supposed to make things right between me and Julie, and now I just feel like she wants us to split up, at the limit.
Donc, je comprends pas trop.|So, I don't get it.
J'ai besoin d'un mec qui m'élève.|I need a guy to raise me.
Tu vois, j'ai besoin d'apprendre de lui.|See, I need to learn from him.
Qui t'élève ?|Who's raising you?
Qui m'élève, tu vois.|Who's raising me, you know.
Ah, d'accord, d'accord.|Ah, all right, all right.
C'est bon.|It's okay.
Pourquoi, là ?|Why?
La main, le regard...|The hand, the look...
Une position séductrice, tu vois.|A seductive position, you know.
Ouais, exactement.|Yeah, exactly.
Et c'est vrai que là, je suis déstabilisée.|And it's true that now I'm destabilized.
C'est compliqué.|It's complicated.
Donc si je m'assois ici, juste à côté de toi.|So if I sit here, right next to you.
Et assis-toi ici, juste à côté de moi.|And sit here, right next to me.
Magnifique.|Beautiful.
Toi, voilà.|There you are.
Déstabilisant ?|Destabilizing?
Ouais, c'est déstabilisant.|Yeah, it's destabilizing.
Non.|No.
Un petit peu.|A little bit.
Le mec, il en fait beaucoup.|The guy, he's making a lot of it.
Avec Julie, là, il est là, il se rapproche, il commence à lui faire des compliments, il touche la main.|With Julie, he's here, he's getting closer, he's starting to compliment him, he's touching his hand.
Il se prend pour qui, lui, en fait ?|Who does he think he is?
Déjà, tu touches pas, tu restes à une distance de sécurité, parce que la vérité, si tu veux pas te manger le fond de la piscine, tu vas prendre tes distances.|Already, you don't touch, you stay at a safe distance, because the truth, if you don't want to eat the bottom of the pool, you're gonna take your distance.
Fiancée ?|Bride?
Non, je suis pas fiancée.|No, I'm not engaged.
C'est une blague, quoi.|It's a joke.
Et si on l'enlève ?|What if we take it off?
Pourquoi tu veux l'enlever ?|Why do you want to take it off?
Non, parce que pour moi, regarde, je suis avec toi, là, et on est juste à poser, là.|No, because for me, look, I'm with you right now, and we're just sitting right there.
Le pire dans cette histoire, c'est que lui, il la touche et elle l'enlève pas sa main.|The worst part of this story is that he touches her and she doesn't take her hand off.
Si vraiment tu me respectes, franchement, tu jardes sa main d'une gifle.|If you really respect me, frankly, you're sniffing his hand with a slap.
Enfin...|I mean...
Au moins, tu l'envoies un peu...|At least you send him a little...
Tu l'éloignes.|You're taking her away.
OK, d'accord.|Okay, okay.
J'ai vu ce que j'avais à voir.|I saw what I had to see.
Franchement, c'est suffisant pour moi.|Frankly, that's enough for me.
Donc, c'est un cadeau de...|So, it's a gift from...
De moi-même.|From myself.
Maintenant, je peux te dire ce qui se passe.|Now I can tell you what's going on.
Ah, d'accord.|Ah, all right.
Tu veux savoir ?|You want to know?
C'est moi qui l'ai demandé, là, comme ça.|I'm the one who asked for it right now.
OK.|Okay.
Elle y voit un rôle.|She sees it as a role.
Mais je suis pas sûr.|But I'm not sure.
A toi de voir.|It's up to you.
Je t'explique ce qu'on va faire maintenant.|I'll explain what we're gonna do now.
On va aller là-bas et on va s'asseoir avec Julie.|We're gonna go over there and we're gonna sit down with Julie.
Et on va se parler un peu tous les trois, d'accord ?|And we're gonna talk a little bit, all right?
Allez.|Come on.
Ce coaching, moi, il m'a...|This coaching, I, he, he, he, he, he, he, he, he, he, he, he, he, he, he, he, he, he, he, he, he, he, he, he, he, he, he, he, he, he, he, he, he, he, he, he, he, he, he, he, he, he, he, he, he, he, he, he, he, he...
Il m'a saoulé, clairement.|He got me drunk, clearly.
Il m'a énervé.|He pissed me off.
Pour la simple et bonne raison que je comprends pas.|For the simple reason I don't understand.
Je comprends pas ce qui se passe là, parce que...|I don't understand what's going on here, because...
En fait, je pensais qu'elle avait évolué.|Actually, I thought she had evolved.
Mais quand je vois ça, je me dis que pas du tout.|But when I see this, I think it's not at all.
Allez, à bientôt.|Come on, see you soon.
Antoine, assieds-toi.|Antoine, sit down.
Je t'aime pas bien, Lucie.|I don't like you, Lucie.
T'es pas cool.|You're not cool.
Je sais.|I know.
Ma vie...|My life...
Ma vie, qu'est-ce qu'il y a ?|My life, what is it?
Tu vois, pourtant, il sait que c'était faux.|You see, though, he knows it was wrong.
Mais tu vois la réaction, là.|But you see the reaction here.
Ouais, je sais, parce que je sais qu'il a énormément souffert, ma vie.|Yeah, I know, because I know he's suffered a lot, my life.
Mais t'es malade ou quoi ?|Are you sick or something?
Mon cur !|My heart!
Très bien.|All right.
Tu peux me mettre de côté.|You can put me away.
Ah oui, tu peux.|Oh, yes, you can.
Mon cur !|My heart!
Je te jure, j'avais absolument pas envie, je voulais juste que ça se finisse, j'étais pas bien, je voulais trop trouver.|I swear, I absolutely didn't want to, I just wanted it to end, I wasn't good, I wanted to find out too much.
Non.|No.
J'arrivais même pas, même si je devais faire semblant que ça soit un jeu, j'étais très mal à l'aise, en fait.|I couldn't even make it, even if I had to pretend it was a game, I was really uncomfortable, actually.
En fait, quand je vois ça, tu vois, je me dis que...|Actually, when I see that, you know, I think...
Déjà.|Already.
Mais j'arrive toujours pas à avoir confiance.|But I still can't trust you.
et qu'à n'importe quelle occasion, genre une soirée en boîte, une soirée, je sais pas, avec des amis ou il y a quelqu'un que tu connais pas qui arrive, qui pourrait te plaire minimum physiquement, à n'importe quel moment tu pourrais me trahir, tu vois.|And on any occasion, like a club party, a party, I don't know, with friends or there's someone you don't know who's coming, who might like you minimally physically, at any time you could betray me, you know.
Et même si je sais que c'est un exercice, j'ai l'impression que quand je te vois, quand je te vois avec lui, qu'il y a un fond de vérité, tu vois.|And even if I know it's an exercise, I feel like when I see you, when I see you with him, there's a background of truth, you know.
Moi, je sais que dans ma tête, c'était clair et net.|I know that in my head it was clear and clean.
Après, dans le sens où je suis honnête avec toi, comme je dis, si je n'étais pas avec toi, oui, c'est quelqu'un qui aurait pu me plaire.|Then, in the sense that I'm honest with you, as I say, if I wasn't with you, yes, it was someone I could have liked.
Mais je n'ai pas envie de ça, même si je rigolais énormément et tout, c'est parce que j'étais gênée et je n'avais pas...|But I don't want to do that, even if I laughed a lot and all, it's because I was embarrassed and I didn't...
C'était de la nervosité, ça.|That was nervousness.
Avec tout le mal que j'ai pu faire à Antoine, à ce moment-là, je pense que ça doit être énormément dur pour lui, mais c'est dur aussi pour moi parce que je me rends compte que je l'aime énormément et que je ne veux pas le blesser une deuxième fois, en fait.|With all the harm I could do to Antoine, at that time, I think it must be enormously hard for him, but it's also hard for me because I realize that I love him very much and I don't want to hurt him a second time, actually.
Moi, je vais te dire ce que j'ai vu.|I'll tell you what I saw.
J'ai vu une femme extrêmement mal à l'aise, qui riait nerveusement et qui se disait, quand est-ce que ça s'arrête ?|I saw a woman who was extremely uncomfortable, laughing nervously and thinking, when did it end?
Parce que c'est très dur, je suis en train de faire du mal à l'homme que j'aime.|Because it's very hard, I'm hurting the man I love.
C'est tout ce que j'ai vu.|That's all I saw.
Et ce que je viens de faire, là, c'est de vous offrir une occasion, justement, de vous mettre au clair tous les deux, pour savoir quelles sont vos limites.|And what I've just done here is to offer you an opportunity, precisely, to get both of you clear, to know what your limits are.
Parlez de vos peurs.|Talk about your fears.
Et avant de quitter cette aventure, de vous mettre au carré tous les deux pour vous dire, ça, je peux le supporter, ça, ça me fait du mal.|And before you leave this adventure, square you both to tell you, that, I can handle it, that hurts me.
Bah moi, écoute, j'ai envie de...|Well, look, I want to...
Qu'on ne se dise jamais...|Let's never say...
Une personne qui commence à complimenter et qu'on rentre dans son jeu, qui commence à sous-entendre, qu'on pourrait peut-être se voir.|A person who starts to compliment and gets into his game, who starts to imply, that maybe we could see each other.
Une ouverture.|An opening.
Comme Adrien l'a fait tout à l'heure.|Like Adrien did earlier.
Ça, c'est de la drague.|That's dredge.
Et ça, c'est non.|And that's no.
Ça me semble tout à fait logique.|That makes quite sense to me.
Donc, toi, ta limite, c'est si un homme est trop avenant ou te drague ou flirte, je veux que tu mettes un stop.|So, you, your limit, it's if a man is too good or flirting or flirting, I want you to stop.
Exactement.|Exactly.
Je le comprends.|I understand that.
Moi, je ne me permettrais pas de le faire, de moi-même.|I wouldn't allow myself to do it.
Il est pas bien.|He's not good.
Et là, je me rends compte que ça lui a encore fait du mal.|And then I realize it hurt her again.
Et c'est la seule chose que je voulais pas lui refaire, en fait.|And that's the only thing I didn't want to do to him, actually.
Et ce coaching me fait réaliser énormément de choses, d'où le fait que je sois...|And this coaching makes me realize a lot of things, so the fact that I'm...
Que je sois très amoureuse d'Antoine.|That I'm very in love with Antoine.
Et ça, c'est la plus belle des réussites.|And this is the greatest success.
Alors, attention.|So, be careful.
Les limites de l'un ne sont pas les limites de l'autre.|The limits of one are not the limits of the other.
C'est pas parce qu'elle va accepter un truc que tu dois accepter, c'est pas parce que tu vas accepter quelque chose qu'elle va l'accepter.|It's not because she's going to accept something you have to accept, it's not because you're going to accept something that she's going to accept.
Ça vous semble clair à tous les deux ?|Does that sound clear to both of you?
Totalement.|Totally.
C'est clair et c'est bon pour moi.|It's clear and it's good for me.
En fait, la conclusion de cet exercice, c'est que je me rends compte de beaucoup de choses, que j'ai peut-être pas réglées certains problèmes de confiance en moi, de confiance en elle.|In fact, the conclusion of this exercise is that I realize a lot of things, that I may not have solved some problems of confidence in myself, of trust in her.
Peut-être qu'il y a encore beaucoup de rancur aussi, et que pour que ça avance avec Julie, il va falloir qu'on fasse des concessions tous les deux et qu'on se parle.|Maybe there's still a lot of grudge, too, and if it's going to go ahead with Julie, we're gonna have to make some concessions together and talk to each other.
Parce qu'au fond, je l'aime comme un dingue, et si je l'aimais pas, je réagirais pas comme ça.|Because deep down, I love him like crazy, and if I didn't like him, I wouldn't react like that.
Et finish, tous les deux.|And finish, both of you.
Bon, je vais y aller.|All right, I'll go.
Merci.|Thank you.
Je t'aime mal.|I don't like you.
Je remarquais que je t'aimais vraiment.|I noticed I really loved you.
Allez rentrer, les amoureux.|Go home, lovers.
Oui ?|Yes?
T'es là ?|Are you there?
Oui.|Yes.
Tu te reposes ?|Are you resting?
Ouais, et toi ?|Yeah, what about you?
Tu sais, je t'avais parlé de mon coaching.|You know, I told you about my coaching.
Oui ?|Yes?
Avec Lucie.|With Lucie.
Il fallait que je lise soit devant tout le monde, soit à quelqu'un.|I had to read either in front of everyone or to someone.
Je pense que c'est mieux que je te lise à toi, pour que tu apprennes à me connaître et que parfois tu comprennes aussi mes réactions un peu virulentes, explosives.|I think it's better for me to read you, so that you get to know me and sometimes you also understand my reactions a little virulent, explosive.
Ça fait un petit moment que je dois lire mon livre que j'avais commencé à écrire suite à mon coaching avec Lucie.|It's been a while since I had to read my book that I started writing after my coaching with Lucie.
Je trouvais pas le bon moment parce que j'étais gênée de le lire à tous les curs brisés.|I couldn't find the right time because I was embarrassed to read it to every broken heart.
Du coup, je pense que la seule personne à qui j'ai envie de me confier vraiment dans cette vie-là, c'est Nicolo.|So I think the only person I really want to trust in this life is Nicolo.
C'est un beau geste, en fait.|It's a nice gesture, actually.
Je n'avais pas envie de le dire à personne.|I didn't want to tell anyone.
Je dois parler de moi, mais à la 3e personne.|I need to talk about myself, but to the third person.
En mode, il était une fois.|In fashion, once upon a time.
Virginie en vit vraiment de baisser les armes et de montrer son coeur.|Virginie really saw it coming down and showing her heart.
C'est quelque chose que j'apprécie beaucoup.|That's something I really appreciate.
Je montre souvent, quasiment tout le temps, mon coeur à elle.|I often show, almost all the time, my heart to her.
Cette fois-ci, c'est elle qui fait un geste très important pour moi.|This time, she's making a very important move for me.
Je ne m'y attendais pas.|I didn't expect it.
Il était une fois Virginie, une jeune fille de 18 ans, qui rencontre l'amour pour la première fois.|Once upon a time Virginia, an 18-year-old girl, met love for the first time.
C'est un amour passionnel qui vira peu à peu au cauchemar, puisqu'une forme de violence s'installe.|It is a passional love that gradually turned into a nightmare, since a form of violence is taking place.
Ça a été très difficile pour moi de sortir de cet amour déraisonné.|It's been very difficult for me to get out of this crazy love.
Ça m'a laissé vraiment des séquelles.|It really left me behind.
Un jour, j'ai rencontré un autre homme avec qui j'ai vécu encore une histoire passionnelle, dans laquelle Virginie avait vraiment cru.|One day, I met another man with whom I still had a passionate story, in which Virginia really believed.
Virginie fut trahi à la fois dans l'amour qu'elle portait à cette personne et à la fois amicalement, puisque ce jeune homme la trompait avec sa meilleure amie.|Virginie was betrayed both in her love of this person and at the same time friendlyly, since this young man deceived her with his best friend.
Virginie a eu beaucoup de mal à encaisser cette trahison.|Virginie had a lot of trouble getting this betrayal.
Avec le temps, Virginie avança toujours seule, ne croyant plus du tout à l'amour idéal et en éprouvant une grande méfiance envers tout le monde.|In time, Virginia always advanced alone, no longer believing in ideal love at all and feeling a great distrust towards everyone.
Elle masqua néanmoins cette déception par beaucoup d'auto-dérision et ne souhaitait plus retrouver ce sentiment amoureux.|Nevertheless, she masked this disappointment by a lot of self-derision and no longer wished to regain that feeling of love.
Maintenant, je comprends vraiment pourquoi elle est sur la défensive, pourquoi elle a toujours des doutes, pourquoi elle a toujours peur.|Now I really understand why she's on the defensive, why she still has doubts, why she's always afraid.
Là, tout est plus clair, finalement, et ça me touche.|There, everything is clearer, finally, and it touches me.
Voilà, mais c'est trop gênant, ouais.|That's it, but it's too embarrassing, yeah.
Je...|I...
C'est trop gênant.|It's too embarrassing.
Rires Voilà, voilà.|That's it. That's it, that's it. That's it, that's it, that's it, that's it, that's it, that's it, that's it, that's it, that's it, that's it, that's it, that's it, that's it, that's it, that's it, that's it, that's it, that's it, that's it, that's it, that's it, that's it, that's it, that's it, that's it, that's it, that's it, that's it, that's it, that's it, that's it, that's it, that's it, that's it, that's it, that's it, that's it.
C'est vraiment plein d'émotions pour moi parce que je suis vraiment pudique sur mon passé, sur ce que je ressens, sur ce que j'ai pu vivre.|It's really full of emotions for me because I'm really stupid about my past, about how I feel, about what I've been able to live.
Mais au moins, c'est dit, je suis libérée et je me sens bien.|But at least, it says, I'm free and I feel good.
Enfin, ça te parle, mon histoire, elle te parle.|I mean, it's talking to you, my story, it's talking to you.
Ouais, je comprends ton comportement dans le sens où t'aimes pas les triangles.|Yeah, I understand your behavior in the sense that you don't like triangles.
Non, je déteste.|No, I hate it.
Je pense que notre situation est...|I think our situation is...
n'était pas à ce niveau-là, dans le sens où j'ai vu une seule fois Gaïa.|wasn't at that level, in the sense that I saw Gaia once.
C'est vrai qu'à cause de mes doutes, j'ai douté et je savais pas quoi faire.|It's true that because of my doubts, I doubted and I didn't know what to do.
J'ai rencontré dans le D8 une fille qui, quand même, avait quelque chose qui me ressemblait.|I met in the D8 a girl who still had something like me.
Et donc, j'ai un peu perdu mes certitudes.|And so, I've lost my certainty a little bit.
Mais maintenant, je suis sûr de mon choix.|But now I'm sure of my choice.
C'est mignon.|That's cute.
Je suis super contente, mais du coup, c'est vrai que je préfère pas aller trop vite non plus parce que...|I'm really happy, but I don't want to go too fast either because...
Je comprends.|I get it.
Je comprends.|I get it.
L'important, c'est qu'on marche dans le même chemin, puis on sait pas où on va arriver, mais en tout cas...|The important thing is that we walk in the same way, and then we don't know where we're going to arrive, but anyway...
C'est bien si on...|It's good if we...
recommence.|Again.
Je pense que moi et Virginie, on peut aller très loin ensemble.|I think I and Virginia can go a long way together.
Je suis fier de moi.|I'm proud of myself.
J'ai pris la bonne décision, au final, et...|I made the right decision, in the end, and...
Et c'est quelque chose que je ne m'y attendais pas du tout.|And that's something I didn't expect at all.
C'est un bon choix.|It's a good choice.
Très mignon.|Very cute.
Merci.|Thank you.
Je suis content que tu te livres à moi.|I'm glad you're giving yourself to me.
En tout cas.|Anyway.
Et j'espère que tu vas écrire des pages bien pour ton futur.|And I hope you're gonna write good pages for your future.
Et j'espère d'être dans ces pages-là.|And I hope I'm in those pages.
Très mignon.|Very cute.
J'espère aussi, on verra.|I hope so too, we'll see.
Merci en tout cas de m'avoir écoutée.|Thank you, anyway, for listening to me.
Ça nous ressoude.|It's rejuvenating us.
On en avait peut-être un peu besoin, parce qu'on était trop sur la défensive.|Maybe we needed it a little bit, because we were too defensive.
Et là, ça permet un petit peu de recoller les morceaux.|And now, it's a little bit of a way to get the pieces back together.
Tu vas en bas ?|Are you going downstairs?
Non, je dois voir les filles.|No, I need to see the girls.
Maintenant, je me sens, voilà, accomplie dans mon coaching.|Now I feel, that's what I did in my coaching.
J'ai l'impression que je l'ai fini, je l'ai clôturé.|I feel like I've finished it, I've closed it.
Je suis contente et je suis fière de moi.|I'm happy and proud of myself.
Les enfants !|Kids!
On est rentrés !|We're home!
Vous êtes contents, les deux ?|Are you happy, both of you?
Vous êtes heureux.|You're happy.
Tranquillou.|Tranquillou.
Sérieux ?|Really?
Ouais, ça va.|Yeah, I'm fine.
Vous êtes trop chou.|You're so sweet.
Non, mais j'adore.|No, but I love it.
Attends.|Wait.
Je vois Julien et Antoine revenir de leur coaching, hyper souriants, plus heureux que jamais.|I see Julien and Antoine coming back from their coaching, super smiling, happier than ever.
Donc je me dis, enfin, un coaching où des gens viennent heureux.|So I'm thinking, at last, coaching where people come happy.
Il était temps !|It's about time!
Donc on est arrivé, il y avait Lucie qui nous attendait et en fait elle m'a dit de me mettre derrière un écran et Julie est partie en date avec un mec.|So we got here, there was Lucie waiting for us and she actually told me to put me behind a screen and Julie left with a guy.
J'espère que Lucie va pas faire ça à moi parce que sinon je vais péter un plomb.|I hope Lucie won't do this to me because otherwise I'm going to blow a lead.
Exercice ou pas exercice.|Exercise or not.
Moi je sais pas faire semblant, je sais pas me retenir, je suis désolée.|I can't pretend, I can't hold back, I'm sorry.
J'étais même pas partie qu'il avait déjà le seum.|I didn't even leave that he already had the soum.
Donc moi j'ai laissé l'exercice se faire jusqu'au bout parce que je voulais voir en fait jusqu'à où elle pouvait aller dans la séduction et surtout voir ce que je pouvais en fait je voulais juste avoir l'exercice du début jusqu'à la fin.|So I let the exercise go to the end because I wanted to see actually how far she could go in seduction and especially see what I could actually get I just wanted to have the exercise from start to finish.
Si j'arrêtais le truc au bout de 30 secondes ça avait aucun intérêt en fait.|If I stopped the thing after 30 seconds it had no interest in fact.
Mais il avait envie d'arrêter.|But he wanted to stop.
Ouais c'est clair.|Yeah, that's clear.
Et surtout quand il a commencé à lui toucher la main et tout genre c'était dur.|And especially when he started touching his hand and all of it was hard.
Bref après on s'est installé avec Lucie.|Anyway, we moved in with Lucie.
Et donc, en fait, à ce moment-là, j'ai totalement craqué.|And so, actually, at that time, I totally cracked.
Il a pleuré, ma vie.|He cried, my life.
Je suis effondré en larmes, encore.|I'm falling apart in tears again.
J'ai que de pleurer dans cette aventure.|All I have to do is cry in this adventure.
Tu fais que chialer, toi.|You're just crying.
Mais ça m'a tellement fait mal.|But it hurt me so much.
Tu fais que chialer.|You're just crying.
Non, mais ça m'a fait...|No, but it made me...
Alors, ça m'a fait chialer de le voir pleurer.|So it made me cry to see him cry.
En même temps, ça m'a fait plaisir dans le sens où je me suis...|At the same time, it made me happy in the sense that I...
Moi, qui n'étais pas sûre de ses sentiments envers moi, ben là, je me suis rendu compte, en fait, qu'il était...|I, who wasn't sure how he felt about me, realized, in fact, that he was...
Que lui aussi m'aimait vraiment.|That he really loved me, too.
Là, elle a vu que j'avais des vrais sentiments pour elle et que c'était pas du fake.|There, she saw that I had real feelings for her and that it wasn't fake.
Je me suis rendu compte que je suis vraiment amoureuse de lui et que je l'aime vraiment.|I realized I'm really in love with him and I really love him.
C'est trop mignon.|That's so cute.
Ils sont tous très heureux pour nous.|They're all very happy for us.
Il y a que de l'amour qui nous entoure à ce moment-là.|There's only love around us at that time.
Donc on se dit qu'on n'a pas fait le mauvais choix, que si tout le monde le voit et si tout le monde réagit comme ça, c'est bien pour une raison, c'est parce que Julie et moi, on s'aime et que tout le monde le sait.|So we're thinking that we didn't make the wrong choice, that if everyone sees it and everybody reacts like that, that's good for a reason, that's because Julie and I love each other and everyone knows it.
C'était un exercice difficile, mais en tout cas, c'était salvateur.|It was a difficult exercise, but in any case, it was lifesaving.
Ça nous a rapproché encore plus et on se rend compte qu'on veut vraiment être ensemble.|It brought us even closer together and we realize we really want to be together.
Julie et Antoine, moi, je les trouve vraiment mignons.|Julie and Antoine, I think they're really cute.
Ils s'aiment d'un amour, je pense, très, très fort.|They love each other with a love, I think, very, very strong.
Lui, il a des yeux que pour elle, il a des yeux que pour lui.|He has eyes that for her, he only has eyes for him.
Ça donne envie, en fait, de rencontrer quelqu'un.|It actually makes you want to meet someone.
Par contre, ce garçon, moi, je vais le proposer en date pour Manon.|On the other hand, this boy, I'm going to propose it for Manon.
Donc voilà, si tu veux, tu peux partir en date avec lui.|So here you go, if you want, you can go with him.
Pas maintenant, tranquille.|Not now, quiet.
Je pense qu'il y a quelque chose qui pourrait se faire.|I think there's something that could be done.
Et si ça peut essayer de réveiller la loup au passage, c'est un petit deux en un.|And if it can try to wake the wolf by the way, it's a little two in one.
Donc, cadeau.|So, gift.
Ça te fera pas de mal, au moins t'oublieras la loup.|It won't hurt you, at least you'll forget the wolf.
Je pense qu'elle a déjà oublié.|I think she's already forgotten.
Je parle même pas.|I don't even talk.
Tu seras sur la voie de la réconciliation avec toi-même.|You will be on the path of reconciliation with yourself.
J'ai pas compris.|I don't understand.
En gros, ça te permettra d'avancer.|Basically, it will allow you to move forward.
Lâche cette banane.|Drop that banana.
Lâche cette banane.|Drop that banana.
Non.|No.
Tu vois bien, on se parle même pas.|You see, we don't even talk.
Ouais, elle s'en fout.|Yeah, she doesn't care.
Garde-à-vous.|Attention.
On se redresse.|We're straightening up.
Je le savais.|I knew it.
Je les ai prévenus.|I warned them.
Cachez-vous tous les deux.|Hide, both of you.
Il y a des bracelets.|There are bracelets.
Il y a des bracelets.|There are bracelets.
Il y a des bracelets.|There are bracelets.
J'ai donc des bracelets à vous remettre.|So I have bracelets to give you.
En tout cas, à certains et certaines d'entre vous.|In any case, to some of you.
Alors clairement, je vous enlève tout suspense.|So clearly, I take away all suspense.
Il n'y aura aucun bracelet noir.|There will be no black bracelet.
C'est le premier.|That's the first one.
Qui pense mériter un bracelet ?|Who thinks they deserve a bracelet?
Julie, elle en mérite un.|Julie, she deserves one.
Je vais en effet remettre un bracelet or à toi, Julie.|I'm going to give you a gold bracelet, Julie.
Je l'attendais, celui-là.|I've been waiting for this one.
Et bim !|And bim!
J'ai eu mon bracelet.|I got my bracelet.
Je suis trop contente.|I'm so happy.
Ce bracelet, c'est le Graal et je suis tellement heureuse et je pense que pour le coup, oui, je l'ai mérité.|This bracelet is the Grail and I'm so happy and I think for the moment, yes, I've earned it.
J'ai fait une avancée énorme dans cette aventure et je ne remercierai jamais à celle-ci.|I have made a huge advance in this adventure and I will never thank this one.
Ça t'a fait du bien ?|Did it feel good to you?
Ça m'a fait énormément du bien.|It did me a lot of good.
J'avais besoin de vider tout ce que j'avais à l'intérieur de moi pour repartir sur quelque chose de nouveau et j'ai compris que j'avais le droit d'être heureuse.|I needed to empty everything I had inside me to go back on something new and I realized that I had the right to be happy.
Il y a mille façons de se dire les choses, Antoine.|There's a thousand ways to say things to each other, Antoine.
Je pense que voir ta peine et ta peur, ça l'a presque plus touchée, ça lui a presque plus parlé que tes mots.|I think seeing your pain and your fear almost touched her more, it almost spoke to her more than your words.
Oui, c'est vrai.|Yeah, that's right.
C'était beau de vous voir tous les deux comme ça.|It was nice to see you both like that.
C'était très beau.|It was very beautiful.
Moi, je me suis rendu compte que je fais que le dire en ce moment.|I realized I'm just saying it right now.
Dis-le encore.|Say it again.
OK.|Okay.
Que je l'aime, que je suis vraiment amoureuse de lui et que je veux que ça soit lui dans ma vie.|That I love him, that I'm really in love with him and that I want it to be him in my life.
Moi aussi, je l'aime d'amour.|I love her too.
C'est un truc de fou.|It's a crazy thing.
Tu peux être que fier d'elle, fier de nous.|You can be only proud of her, proud of us.
C'est maintenant une évidence.|Now it's obvious.
Ça peut que marcher quand nous sommes.|It can only work when we are.
Théo, je te l'ai déjà dit, mais je le redis devant tout le monde, j'ai été bluffée par ta capacité d'honnêteté, par ta capacité à reconnaître tes torts.|Theo, I've already told you, but I say it again in front of everyone, I've been bluffed by your ability to be honest, by your ability to recognize your wrongs.
T'as relevé le défi haut la main.|You took up the challenge with your hands.
Et pour ça, j'ai envie que les autres s'inspirent et que tu leur rappelles le chemin à suivre grâce à ce bracelet.|And for that, I want others to be inspired and remind them of the way to follow thanks to this bracelet.
Tadam !|Tadam!
J'ai le bracelet.|I got the bracelet.
Je suis très content.|I'm very happy.
Franchement, je ne m'y attendais pas.|Frankly, I didn't expect it.
C'est vrai que j'ai fait un gros travail sur moi.|It's true I did a lot of work on myself.
Donc, ça me fait très plaisir de l'avoir.|So, I'm very happy to have it.
Ce bracelet, il est très symbolique dans cette vie-là.|This bracelet, it is very symbolic in this life.
Tu m'as fait une demande, Théo.|You asked me, Theo.
Tu m'as dit...|You told me...
J'ai eu un flash pour Cassandra.|I got a flash for Cassandra.
Elle me plaît.|I like her.
Et je souhaite, si c'est possible, qu'elle réintègre l'aventure en tant que mon packeur brisé.|And I wish, if possible, that she would re-enter the adventure as my broken packer.
Mes camarades, appelez-la comme vous voulez.|My comrades, call her whatever you want.
et j'ai le plaisir de t'annoncer qu'elle a dit oui et qu'elle va donc réintégrer l'aventure à vos côtés.|And I'm glad to tell you that she said yes, so she's going to be back on the adventure with you.
Ah, c'est beau, c'est beau.|Ah, it's beautiful, it's beautiful.
Je ne te dis pas quand, je te laisse dans le suspense.|I'm not telling you when, I'm leaving you in suspense.
Pas d'impatience.|No impatience.
Elle fait tout ce trajet pour revenir au Mexique, c'est vrai que c'est un long voyage.|She travels all this way back to Mexico, it's true that it's a long journey.
Je me dis qu'il y a quand même quelque chose, je pense que je le plais quand même et qu'elle a envie de se donner la peine de me découvrir, donc ça me fait plaisir.|I think there's something, I think I still like it and she wants to bother finding out, so I'm happy.
Et puis, je souhaite honorer une autre personne.|Besides, I wish to honor another person.
Si je pense par de loin, Lalou, c'est de toi dont je parle.|If I think from afar, Lalou, that's you I'm talking about.
Quand je suis entrée dans l'aventure, je me suis dit ça va pas le faire, ça va pas prendre.|When I got into the adventure, I thought it's not gonna do it, it's not gonna take it.
Mauvais feeling de ma part.|Bad feeling from me.
Il y a eu cette séquence d'hypnose avec Alex.|There was this hypnosis sequence with Alex.
Je pense que si à ce moment là, on m'avait interrogé, moi non plus, j'aurais pas eu les mots.|I think if I had been questioned at that time, neither would I have had the words.
Mais ce soir, je les ai.|But tonight I have them.
Bravo.|Well done.
Merci.|Thank you.
Ça me touche parce que je trouve que c'est vraiment grâce à elle, pour l'instant, que j'arrive à avancer dans ma problématique.|It touches me because I think it's really thanks to her, for now, that I can move on with my problem.
Lucie, vraiment, merci à toi.|Lucie, really, thank you.
Ma chère Manon, bienvenue.|My dear Manon, welcome.
Merci.|Thank you.
Est-ce que ta démarche de séduction est réelle ?|Is your seduction approach real?
Avec...|With...
Qu'il y avait avec Lalou ?|That there was with Lalou?
Par exemple.|For example.
Ou de manière générale, d'ailleurs.|Or in general, by the way.
Bien sûr.|Of course.
Après, on ne se connaissait encore pas assez.|After that, we didn't know each other enough.
Il s'est passé ce qui s'est passé.|What happened was what happened.
Il a rencontré Clarisse.|He met Clarisse.
Il est avec elle et puis c'est très bien pour lui.|He's with her and then it's very good for him.
Est-ce que je peux te dire que je n'y crois pas ?|Can I tell you I don't believe it?
C'est très bien pour lui ?|Is that very good for him?
En fait, c'est plus la fierté.|Actually, it's more pride.
C'est l'ego.|It's the ego.
Voilà.|There you go.
En fait, quand j'arrive dans l'aventure, Il se met sur moi.|Actually, when I get into the adventure, he gets on me.
Le soir, on rediscute tous les deux, en fait, pour que lui, il puisse avoir une discussion avec Larisse pour clarifier les choses.|In the evening, we both discuss it again, in fact, so that he can have a discussion with Larisse to clarify things.
Au final, j'apprends qu'elle dort là, dans la nuit.|In the end, I find out she's sleeping there at night.
Et en fait, il ne m'a rien dit.|And in fact, he didn't tell me.
C'est ça que je déteste.|That's what I hate.
Mensonge.|Lie.
Juste ça.|Just this.
C'est tout.|That's all.
Ça t'émeut.|You're excited.
Ça m'énerve.|It pisses me off.
Tu sais pourquoi ça m'énerve ?|You know why I'm upset about this?
On m'a maudie toute ma vie.|I've been cursed my whole life.
On m'a maudie toute ma vie.|I've been cursed my whole life.
Où est-ce qu'on prend cette émotion ?|Where do we get that emotion?
C'est même pas de la jalousie.|It's not even jealousy.
Je déteste le renseignement.|I hate intelligence.
C'est une déception.|It's a disappointment.
J'ai beaucoup souffert dans mon passé à cause de ça.|I've suffered a lot in my past because of that.
Et je me dis, comment, aujourd'hui, on peut encore me faire ça ?|And I'm thinking, how, today, can anyone still do this to me?
Et surtout venant d'une personne qui n'est rien encore pour moi.|And especially from a person who's nothing to me yet.
Et c'est pas possible, en fait.|And it's not possible, actually.
Que tu connais une personne dont tu ne la connais pas.|That you know someone you don't know about.
Tu crois totalement ta situation et je m'en suis excusé.|You totally believe your situation and I apologized.
Pourquoi ce mensonge par omission ?|Why this lie by omission?
Parce qu'on va relativiser, c'est un mensonge par omission.|Because we're going to relativize, it's a lie by omission.
Je n'ai pas réussi à lui dire en face.|I couldn't tell him in front of me.
Je m'en suis excusé et je m'en re-excuse auprès d'elle.|I apologized and apologized to her.
Je ne suis pas comme ça et je n'ai pas envie de...|I'm not like that and I don't want to...
Je la vois pleurer, bien sûr que ça me peine.|I see her crying, of course I'm sorry.
A partir du moment où vous prenez une décision et que vous agissez ou que vous parlez, soyez droit avec vous-même.|From the moment you make a decision and act or speak, be right with yourself.
Et si vous êtes droit avec vous-même, la vérité n'est pas quelque chose de difficile à dire.|And if you are right with yourself, the truth is not something difficult to say.
Si tu es OK avec ce que tu as fait, en fait, Lalou, c'est ensuite le problème de Manon si elle n'est pas OK avec ce qui est OK pour toi.|If you're okay with what you did, actually, Lalou, then it's Manon's problem if she's not okay with what's okay with you.
Tu ne fais pas les choses contre elle, tu les fais pour toi.|You don't do things against her, you do them for yourself.
Alors, ma chère Manon, est-ce que tu peux me donner ta problématique et le nombre de jours Depuis lesquels tu es célibataire ?|So, my dear Manon, can you give me your problem and how many days you've been single?
Alors, ça fait 480 jours que je suis seule.|So, I've been alone for 480 days.
Et en fait, j'ai l'amour qui est très destructeur.|And actually, I have love that's very destructive.
Pourquoi ?|Why?
Prends tout ton temps.|Take all your time.
J'en ai pas très faim.|I'm not very hungry.
Non.|No.
Pour ce soir, ça va me suffire, en effet.|For tonight, that'll be enough for me, indeed.
Je n'arrive pas à parler de ma problématique, surtout quand je vois tout le monde qui me regarde, et je sens que ça va être trop compliqué, donc je préfère ne pas en parler ce soir-là.|I can't talk about my problem, especially when I see everyone looking at me, and I feel it's going to be too complicated, so I prefer not to talk about it that night.
Je voudrais qu'on se parle à coeur ouvert de comment vous vous sentez tous et chacun ensemble, de ce qui va et de ce qui ne va pas, évidemment.|I would like us to talk to each other with an open heart about how you all feel together, what's going on and what's wrong, of course.
Toi, Léana, t'as eu le courage d'aller voir Sarah, qui avait décidé de quitter la villa, et de lui dire les choses.|You, Léana, had the courage to go to Sarah, who had decided to leave the villa, and tell her things.
Comment tu t'es sentie ?|How did you feel?
Ça m'a fait du bien.|It's been good for me.
Au moins, j'ai dit tout ce que j'avais sur le coeur.|At least I said everything I had on my heart.
Oui, je sais que c'est délicat.|Yeah, I know it's tricky.
Je sais que c'est délicat comme sujet.|I know it's a delicate subject.
Bon.|All right.
Même si elle veut pas me pardonner, c'est pas grave.|Even if she doesn't want to forgive me, it's okay.
Ah, c'est bon, les histoires de Calimero, je peux plus me les voir, en fait.|Oh, it's okay, Calimero's stories, I can't see them anymore, actually.
À ce moment-là, en fait, moi, je ressens rien.|At that point, actually, I don't feel anything.
Là, tout de suite, je suis vide.|Right now, I'm empty.
Sarah ?|Sarah?
Qu'est-ce qui se passe en toi ?|What's going on in you?
Non, c'est...|No, it's...
J'ai pas de ressenti spécial.|I don't feel special.
Je pense que j'ai assez pleuré, j'ai assez eu mal.|I think I've cried enough, I've had enough pain.
Voilà.|There you go.
Et pour une fois, tu vois, tu m'as dit de penser à moi, et là, je pense à moi, en fait.|And for once, you see, you told me to think about me, and now I'm thinking about me, actually.
C'est une excellente décision.|It's an excellent decision.
Voilà.|There you go.
Ça peut être dur pour Léana d'entendre ça, je le comprends, mais je vais pas retourner dans ses bras parce qu'elle a pleuré, ce serait trop facile.|It can be hard for Léana to hear that, I understand it, but I'm not going to go back to her arms because she cried, it would be too easy.
Arriver à un moment donné, je pense à moi, j'ai envie d'avancer, en fait.|At some point, I think of myself, I want to move on, actually.
Léana et Ken.|Léana and Ken.
Comment ça va ?|How are you?
Vous pouvez vous mettre l'un à côté de l'autre pour que je n'ai pas à faire un ping-pong ?|Can you stand next to each other so I don't have to make a ping-pong?
Je suis pas bien, je suis...|I'm not good, I'm...
Je suis dans une sensation, j'ai jamais ressenti cette sensation.|I'm in a feeling, I've never felt that feeling.
J'ai l'impression de me sentir coupable de quelque chose, alors que c'est pas vraiment très grave.|I feel like I feel guilty about something, but it's not really very serious.
Quand je vous ai demandé de vous mettre l'un à côté de l'autre, j'ai eu l'impression que ça vous saoulait.|When I asked you to sit next to each other, I felt like you were getting drunk.
Qu'est-ce qui se passe ?|What's going on?
En fait, la soirée...|In fact, the evening...
Au week-end, de toute façon, ça s'est très bien passé.|At the weekend, anyway, it went very well.
On a eu une attirance physique et tout.|We had a physical attraction and everything.
On rigolait bien et tout.|We were laughing well and everything.
Mais là, je sais pas, depuis un petit moment, je suis très distante avec lui.|But now, I don't know, for a while, I've been very distant from him.
J'ai plus envie de lui faire des bisous comme au début.|I don't want to kiss her like I did at first.
Et toi, Ken, t'en es où ?|Where are you, Ken?
Déjà, je suis très content quand elle me dit des choses.|Already, I'm very happy when she tells me things.
Alors, je te remercie de dire ça parce que j'allais le dire.|So, thank you for saying that because I was going to say it.
Léana, Ken vit avec toi dans la villa.|Léana, Ken lives with you in the villa.
Bien sûr.|Of course.
Pourquoi il faut que je vienne et que je te pose la question pour que d'un seul coup, t'aies l'illumination, pardon, de dire...|Why do I have to come and ask you the question so that at once you have enlightenment, forgiveness, to say...
alors qu'il te pose la question plusieurs fois à Ken.|While he asks you the question several times to Ken.
Jusqu'à maintenant, t'as fonctionné comme ça.|So far, you've worked like this.
Maintenant, je vais te demander de dire les choses.|Now I'm gonna ask you to say things.
Dis clairement à Ken ou vous en êtes tous les deux.|Tell Ken clearly where you two are.
Alors...|So...
Moi, je préfère m'arrêter.|I'd rather stop.
C'est pas contre toi.|It's not against you.
J'y arrive pas, en fait.|I can't, actually.
J'y arrive pas à aller plus loin, j'y arrive pas à imaginer.|I can't go any further, I can't imagine.
Ouais, mais c'est...|Yeah, but it's...
C'est bon, ça y est ?|It's okay, is it?
C'est bon.|It's okay.
Impeccable.|Impeccable.
On y est.|Here we go.
Bravo.|Well done.
Tu vois que c'est simple à faire.|You see, it's easy to do.
Je me demande à quel mec elle peut correspondre, parce que prendre un jouet, essayer de le jeter, un autre jouet, l'essayer de le jeter, moi, c'est pas ma mentalité.|I wonder which guy she can match, because taking a toy, trying to throw it away, another toy, trying to throw it away, I'm not my mindset.
Ce genre de filles-là, c'est next.|That kind of girl is next.
Je suis très mal à l'aise que ça arrive comme ça.|I'm very uncomfortable that it happens like this.
Vraiment, Léa.|Really, Léa.
Je pense que ça ne veut pas dire que tu es quelqu'un de méchant, mais ça veut dire que tu es quelqu'un de très maladroit et de peut-être, pardon, un peu lâche quand même.|I think it doesn't mean you're a bad guy, but it means you're a very clumsy person and maybe, sorry, a little loose anyway.
On te remercie infiniment, Ken.|Thank you so much, Ken.
Moi, je te présente mes excuses.|I apologize to you.
Ça me dégoûte.|It disgusts me.
Il mérite vraiment tellement pas ça, en fait, que...|He really doesn't deserve that, actually, that...
Déjà que j'avais le seum contre Léana, mais alors là...|I already had the soum against Léana, but then...
Elle me fait pitié, en fait.|I'm sorry, actually.
Moi, je tenais à vous remercier parce que je suis venu une fois, on m'a accueilli comme...|I wanted to thank you because I came once, and I was greeted as...
Comme un prince, comme un roi, comme ce que vous voulez.|Like a prince, like a king, like whatever you want.
Je trouve que vous êtes tous des personnes extraordinaires.|I think you're all extraordinary people.
Vous m'avez apporté beaucoup de choses.|You brought me a lot of things.
Et voilà, je vous remercie beaucoup, beaucoup.|And that's it, thank you very much, very much.
Vraiment.|Really.
C'est pas l'histoire avec Anna qui me fait du mal parce que j'ai très vite vu que je ne savais pas le faire avec elle.|It's not the story with Anna that hurts me because I saw very quickly that I didn't know how to do it with her.
C'est le fait de ne plus voir les personnes que je kiffe.|It's the fact that I don't see the people I love anymore.
Ce soir, j'ai demandé à une jeune femme que j'apprécie beaucoup, que je connais, de rejoindre l'aventure.|Tonight, I asked a young woman that I really appreciate, I know, joining the adventure.
En tant que cur brisé, nous allons accueillir Inès.|As a broken heart, we will welcome Inès.
J'ai fait la bataille des coupes avec elle.|I fought the cups with her.
Bonsoir, ma chère Inès.|Good evening, my dear Inès.
Sois la bienvenue en Stade Paris.|Welcome to Stade Paris.
Bonjour.|Hello.
Ça va ?|You okay?
Ça va bien ?|Are you all right?
Ça fait plaisir.|It's a pleasure.
Je sais que c'est une fille qui est très rigolote, qui est...|I know she's a very funny girl, who's...
C'est une bonne vivante.|She's a living maid.
C'est vraiment une personne bien et franchement, ça fait du bien d'avoir ce genre de personne dans une aventure.|He's a really good person and frankly, it feels good to have that kind of person in an adventure.
Donc je suis très content de l'avoir.|So I'm very happy to have it.
Alors est-ce que tu peux nous dire pourquoi tu souhaites rejoindre la ville à des coeurs brisés notamment en expliquant ta problématique j'arrive à un stade de ma vie où j'ai envie de me poser j'aimerais bien aussi et à chaque fois, en fait, ça marche pas.|So can you tell us why you want to join the city with broken hearts, especially by explaining your problem I'm coming to a stage in my life where I want to land I'd like to, too, and every time, actually, it doesn't work.
Je me remets en question.|I'm questioning myself again.
L'amour, pour moi, c'est devenu un rêve.|Love has become a dream for me.
J'ai l'impression que l'amour m'a oubliée.|I feel like love has forgotten me.
J'aimerais rencontrer à ma moitié quelqu'un qui me fasse kiffer.|I'd like to meet with my half someone who makes me kick.
J'ai envie d'avoir des pavillons dans le ventre.|I want to have pavilions in my stomach.
Je suis un petit cambrisé, on va dire.|I'm a little stuttered, let's say.
T'es célibataire depuis quand ?|How long have you been single?
Depuis 172 jours.|It's been 172 days.
Et 2 heures.|And two hours.
T'as compté le décalage horaire ?|Did you count the time difference?
J'ai tout compté.|I've counted everything.
Ca me touche que tu sois venue parce que tu me renouvelles ta confiance.|It touches me that you came because you're renewing your trust.
Tu sais que j'avais été très touchée par la personne que tu es, la femme adulte que tu es.|You know I've been very touched by the person you are, the adult woman you are.
Et vous verrez, Inès, c'est vraiment une belle personne.|And you'll see, Inès, she's really a beautiful person.
Je suis très heureuse de l'accueillir.|I'm very happy to welcome him.
Je sais que Lucie, elle est bienveillante.|I know Lucie, she's benevolent.
C'est une femme qui m'a beaucoup aidée par le passé.|She's a woman who's helped me a lot in the past.
Elle a vraiment eu ce feeling de femme à femme.|She really had this woman-to-woman feeling.
Moi, je l'adore, Lucie.|I love her, Lucie.
Je vous souhaite une excellente soirée.|I wish you a great evening.
Merci pour votre attention.|Thank you for your attention.
Ce bilan, encore une fois, a été épatant, comme vous l'êtes tous.|This record, again, has been amazing, as you all are.
Je vous aime fort et je vous dis à bientôt.|I love you very much and I'll tell you soon.
J'ai eu énormément d'émotions durant ce bilan.|I had a lot of emotions during this review.
Il y a tout qui m'a émue, de voir les personnes pleurer, tristes, contentes.|There's everything that moved me, to see people cry, sad, happy.
Tout ça, c'est fini et place un petit peu à la joie.|It's all over and it's a little bit of joy.
Merci pour votre accueil.|Thank you for your welcome.
Vous nous apportez des good vibes.|You bring us good vibes.
C'est le dernier câlin.|It's the last hug.
Fais attention à toi.|Take care of yourself.
Merci.|Thank you.
On se revoit les mecs.|I'll see you guys again.
Je me sens un peu triste.|I feel a little sad.
Ken, ça reste une super bonne personne.|Ken, she's still a great person.
Et il a été là pour moi quand ça allait pas avec Sarah.|And he was there for me when it wasn't okay with Sarah.
Ça, je l'oublierai pas.|I won't forget that.
Je m'étais un petit peu attachée à cette personne, mais...|I was a little attached to that person, but...
J'ai pas ce truc.|I don't have that thing.
Bravo, mon Ken, pour ton aventure.|Well done, Ken, for your adventure.
Merci beaucoup.|Thank you very much.
Je suis trop heureux de les avoir découverts.|I'm so glad I found them.
Je repars avec...|I'm going back with...
Je suis ému, mais je repars quand même avec le souhait.|I'm moved, but I'm still leaving with the wish.
Moi, je suis franchement...|I'm quite frankly...
Je sais, frère, j'ai pas envie de pleurer, mais...|I know, brother, I don't want to cry, but...
Arrête, frère, arrête.|Stop it, brother, stop it.
T'es condamné.|You're doomed.
T'es condamné.|You're doomed.
Je suis toujours manqué de ouf.|I'm still out of luck.
On est très émus tous les deux.|We're both very moved.
Je sais que Florevera, c'est quand même un mec avec beaucoup de valeur.|I know Florevera's still a very valuable guy.
Il sait que je serai là pour lui, comme il sera là pour moi.|He knows I'll be there for him, just like he'll be there for me.
Ce qui me touche, c'est cette vague d'amour.|What affects me is this wave of love.
Cette vague d'amour que j'ai prise en pleine face et je ne m'y attendais vraiment pas.|That wave of love that I took in the face and I really didn't expect.
Ciao, mon gros.|Ciao, big guy.
Ciao, mon frérot.|Ciao, my brother.
Vu l'ambiance et vu mon arrivée, tu me proposes de sortir dans un bar typique Sabouzy ou pas ?|Given the ambiance and my arrival, do you propose to go out to a typical Saubouzy bar or not?
Ce soir, moi, ce que je leur propose, c'est une soirée qui dit Inès dit soirée.|Tonight, what I'm offering them is an evening that says Inès says evening.
Eh, je suis arrivée, les gars.|Hey, I'm here, guys.
On va pas rester à la maison.|We're not staying home.
Ce soir, c'est sortie, baby.|Tonight's out, baby.
On arrive dans ce bar.|We're coming to this bar.
Franchement, grosse ambiance, good vibes, bon son.|Frankly, big atmosphere, good vibes, good sound.
Pendant la soirée, je sens que Lalou, il est distant.|During the evening, I feel that Lalou, he's distant.
Sans raison, comme ça.|No reason, like that.
Clairement qu'il est trop bizarre depuis tout à l'heure.|Clearly, he's been so weird for a while.
Je crois que entre Lalou et Clarisse...|I think between Lalou and Clarisse...
Ouais, c'est très froid.|Yeah, it's very cold.
Ouais.|Yeah.
Je pense que...|I think...
Comment il s'appelle ?|What's his name?
Lalou ?|Lalou?
Ouais.|Yeah.
Elle n'est pas du tout...|She's not at all...
Elle n'accroche pas.|She's not hanging up.
Quand il la regarde, il ne la regarde pas tellement.|When he looks at her, he doesn't look at her so much.
Ça me fait un petit peu jubiler.|It makes me feel a little jubilant.
Parce que je me dis, au final, tu as voulu apprendre à découvrir plus Clarisse alors que tu étais en train de me découvrir moins.|Because I'm thinking, in the end, you wanted to learn to discover more Clarisse when you were discovering me less.
Peut-être que tu vas regretter.|Maybe you'll regret it.
Dans la soirée, c'est vrai que je vois beaucoup Lalou regarder Manon, pas trop calculer Clarisse.|In the evening, it's true that I see a lot of Lalou watching Manon, not overcalculating Clarisse.
En fait, au final, il l'a fait rentrer, mais là, il a perdu Manon pour une meuf qui s'en fout, en fait.|Actually, in the end, he got her in, but then he lost Manon to a girl who doesn't care, actually.
Qu'est-ce que tu veux que je te dise ?|What do you want me to say?
Au moins, même s'il n'est pas avec Manon, il va se rendre compte que Clarisse n'est pas une meuf pour lui.|At least, even if he's not with Manon, he'll realize that Clarisse isn't a chick for him.
C'est vrai que petit à petit, plus les heures passent, plus je me dis, j'ai peut-être été un petit peu trop vite.|It's true that little by little, the more the hours pass, the more I think, maybe I've been a little too fast.
Je me suis peut-être un petit peu précipité.|Maybe I rushed a little bit.
avec Larisse et j'ai l'impression que même quand je viens vers elle, c'est pas forcément naturel, qu'il manque quelque chose, qu'il manque un petit truc.|With Larisse and I feel like even when I come to her, it's not necessarily natural, something's missing, something's missing.
J'ai du mal à me donner totalement dans la relation.|I'm having a hard time giving myself totally into the relationship.
Amène me prend à part pour avoir une petite discussion parce que c'est vrai que depuis qu'on a rentré, on est tout le temps avec tout le monde.|Bringe takes me aside to have a little chat because it's true that since we got home, we've been with everyone all the time.
Ça me fait plaisir.|I'm glad to hear that.
On s'en passe à autre chose.|We're moving on.
On avance.|We're moving on.
Il faut pas que ça soit de bons moments comme ceux-là.|You don't have to be good times like this.
Parce que je voulais vraiment pas que ça s'arrête là.|Because I really didn't want it to end there.
Non mais moi non plus.|No, but neither do I.
J'ai pas envie de m'arrêter à un petit truc comme ça, tu vois ce que je veux dire.|I don't want to stop at a little thing like that, you know what I mean.
Après, comme tu le sais très bien, je suis quelqu'un qui est relou, je le sais, qui est parano sur tous les bords.|Then, as you know very well, I'm someone who's rejuvenated, I know, who's paranoid on all sides.
Mais j'ai besoin d'être raccommodée parce que j'ai rendu compte que je commençais à avoir des sentiments pour toi.|But I need to be recommodated because I realized I was starting to have feelings for you.
Donc c'est un mal pour un bien, certes.|So it's an evil for a good, of course.
J'en ai souffert.|I've suffered.
Ça a un peu mis une fissure, elle est pas énorme.|It's a little cracked, it's not huge.
C'est un mal pour un bien parce que le fait d'avoir eu cette distance, Je commençais à voir que je tenais à toi, que tu me manquais.|It's an evil for a good because the fact that I had that distance, I was starting to see that I cared for you, that I missed you.
J'ai besoin d'être avec toi, tu me souviens ?|I need to be with you, remember?
Moi aussi.|Me too.
Moi, je me sens compris avec cette histoire entre moi et elle.|Me, I feel understood with this story between me and her.
C'est pas une petite amourette d'une semaine.|She's not a week-old lover.
Et j'ai envie que ça dure le plus longtemps possible.|And I want it to last as long as possible.
Et de pouvoir lui dire un jour, je t'aime.|And to be able to tell her one day, I love you.
Franchement, je me sens trop bien parce que...|Frankly, I feel too good because...
Parce que ça me fait du bien de le retrouver.|Because it feels good to find him.
Parce que je m'ai tellement manqué pendant ces quelques jours.|Because I've missed so much for those days.
Il est là, il est à côté de moi et on essaie d'avancer en fait.|He's here, he's next to me, and we're actually trying to move on.
Bonne nuit.|Good night.
Ça pue l'amour.|It smells like love.
C'est compliqué.|It's complicated.
Je suis un peu mitigé parce que, Clarisse, on a débuté quelque chose, on s'est embrassés dans la journée.|I'm a little mixed because, Clarisse, we started something, we kissed each other all day.
Mais c'est vrai qu'il y a Manon qui me plaît aussi.|But it's true that I like Manon too.
Donc là, je sais plus trop quoi faire.|So now I don't know what to do.
Dans ma tête, franchement, je suis totalement perdu.|In my head, frankly, I'm totally lost.
Lalou, que se passe-t-il ?|Lalou, what's going on?
On te voit, t'es pas track, t'es neurasthénique, je comprends pas.|We see you, you're not track, you're neurasthenic, I don't understand.
Je sais pas, y a pas les petits trucs, tu vois.|I don't know, there's no little stuff, you know.
C'est quoi les petits trucs en plus pour toi ?|What's the extra little stuff for you?
Je sais pas, qu'on rigole plus.|I don't know, we're not laughing anymore.
Elle ressemble à Manon.|She looks like Manon.
Après Manon, voilà, bien sûr qu'on a eu un très bon feeling.|After Manon, that's it, of course we had a very good feeling.
Donc...|So...
Lalou, il nous faut une boussole, je pense.|Lalou, we need a compass, I think.
et complètement paumé dans cette aventure, c'est l'enfer.|And completely confused in this adventure, it's hell.
Tu vas faire comment ?|How are you gonna do it?
Tu vas laisser passer la match d'il est de demain ou tu vas faire quoi ?|You're gonna let it pass tomorrow's game, or what are you gonna do?
Je vais réfléchir cette nuit.|I'll think about it tonight.
Moi, je dors la nuit, je ne réfléchis pas aux événements.|I sleep at night, I don't think about events.
Comme on dit, la nuit porte conseil.|As they say, the night is a good advice.
Pour moi, ça me porte conseil.|For me, it's my advice.
On verra.|We'll see.
Là, c'est limite le décodeur, il ne marche plus.|That's the limit of the decoder, it doesn't work anymore.
Je ne sais pas trop comment je vais m'en sortir.|I don't know how I'm gonna make it.
Je me pose des questions.|I'm wondering.
Je ne sais pas comment je vais faire.|I don't know how I'm gonna do it.
Demain, ça va être compliqué.|Tomorrow's gonna be complicated.
J'ai l'honneur de vous annoncer que vous êtes le dernier groupe à partir en week-end tentation.|I have the honour to announce that you are the last band to leave on a weekend temptation.
Je suis absolument dégoûtée.|I'm absolutely disgusted.
Pourquoi tu fais ça ?|Why are you doing this?
Tu joues avec les gens, là ?|You're playing with people right now?
Frère, là, c'est pas bien parce que tu vas te faire pleurer, en fait.|Brother, it's not good because you're actually gonna get weeped.
T'es complètement débile.|You're completely stupid.
Ça, je sais pas, en fait, ce que vous êtes en train de faire.|I don't know, actually, what you're doing.
C'est pas bon.|It's not good.
C'est chaud.|It's hot.
C'est totalement irrespectueux, ce qu'il m'a fait.|It's totally disrespectful, what he did to me.
Vous êtes fous.|You're crazy.
Mais tais-toi, tais-toi !|Shut up, shut up!
Mais tais-toi, qu'est-ce que tu me laves dessus, en fait ?|But shut up, what are you washing on me, anyway?
Il commence pas à monter quoi.|He's not starting to come up with anything.
Mais il fait ce qu'il veut !|But he does what he wants!
Eh, vous allez trop loin, là.|Hey, you're going too far.
Là, vous allez trop loin.|Now you're going too far.
D'accord, on va trop loin.|Okay, we're going too far.
Faut se faire descendre, les filles.|You got to get shot, girls.
Là, je peux pas cautionner ça, en fait.|I can't back that up, actually.
C'est lui.|That's him.
Oh là là !|Oh, there!
La tentation nous a suivis, les gars !|The temptation followed us, guys!
C'est un avion de chasse, c'est un beau mec.|It's a fighter plane, he's a handsome guy.
Il est très beau.|He's very beautiful.
C'est qui en toi ?|Who's in you?
Pardon, j'ai oublié.|I'm sorry, I forgot.
